<?xml version="1.0"?>
<!--<!DOCTYPE metadata SYSTEM "http://www.esri.com/metadata/esriprof80.dtd">-->
<metadata xml:lang="nb"><Esri><MetaID>{D9ACB7CB-789C-4849-84A1-E97AB620582B}</MetaID><CreaDate>20080730</CreaDate><CreaTime>16141600</CreaTime><SyncOnce>TRUE</SyncOnce><DataProperties><lineage><Process Name="FeatureclassToCoverage_1" ToolSource="C:\Program Files\ArcGIS\ArcToolbox\Toolboxes\Conversion Tools.tbx\FeatureclassToCoverage" Date="20080730" Time="161416">FeatureclassToCoverage "C:\msys\1.0\home\s1155\tests\lat1\Arc\Syracuse.shp polygon" C:\msys\1.0\home\s1155\tests\lat1\Arc\Syr_Cov1 # DOUBLE</Process></lineage></DataProperties></Esri></metadata>
